[
  {
    "model": "attendanceapp.department",
    "pk": 1,
    "fields": { "department_name": "IT" }
  },
  {
    "model": "attendanceapp.class",
    "pk": 1,
    "fields": {
      "department": 1,
      "year": "III Year",
      "semester": "V",
      "section": "A"
    }
  },
  {
    "model": "attendanceapp.class",
    "pk": 2,
    "fields": {
      "department": 1,
      "year": "II Year",
      "semester": "II",
      "section": "B"
    }
  },
  {
    "model": "attendanceapp.student",
    "pk": 1,
    "fields": {
      "register_number": "111522203001",
      "name": "ARUNKUMAR V",
      "Class": 1,
      "mode": "Dayscholar"
    }
  },
  {
    "model": "attendanceapp.student",
    "pk": 2,
    "fields": {
      "register_number": "111522203002",
      "name": "ASHIKA G",
      "Class": 1,
      "mode": "Hosteller"
    }
  },
  {
    "model": "attendanceapp.student",
    "pk": 3,
    "fields": {
      "register_number": "111522203003",
      "name": "ASHWIN SATHAPPAN V",
      "Class": 1,
      "mode": "Dayscholar"
    }
  },
  {
    "model": "attendanceapp.student",
    "pk": 4,
    "fields": {
      "register_number": "111522203004",
      "name": "BALA M",
      "Class": 1,
      "mode": "Dayscholar"
    }
  },
  {
    "model": "attendanceapp.student",
    "pk": 5,
    "fields": {
      "register_number": "111522203005",
      "name": "BHARATHWAJ K S",
      "Class": 1,
      "mode": "Dayscholar"
    }
  },
  {
    "model": "attendanceapp.student",
    "pk": 6,
    "fields": {
      "register_number": "111522203006",
      "name": "BHAVADHARANI V",
      "Class": 1,
      "mode": "Dayscholar"
    }
  },
  {
    "model": "attendanceapp.student",
    "pk": 7,
    "fields": {
      "register_number": "111522203007",
      "name": "BHUVAN KALYAN G V",
      "Class": 1,
      "mode": "Dayscholar"
    }
  },
  {
    "model": "attendanceapp.student",
    "pk": 8,
    "fields": {
      "register_number": "111522203008",
      "name": "DEV DHARSHNI A M",
      "Class": 1,
      "mode": "Dayscholar"
    }
  },
  {
    "model": "attendanceapp.student",
    "pk": 9,
    "fields": {
      "register_number": "111522203009",
      "name": "DHARSHINI E",
      "Class": 1,
      "mode": "Dayscholar"
    }
  },
  {
    "model": "attendanceapp.student",
    "pk": 10,
    "fields": {
      "register_number": "111522203010",
      "name": "DHARSHINI S",
      "Class": 1,
      "mode": "Dayscholar"
    }
  },
  {
    "model": "attendanceapp.student",
    "pk": 11,
    "fields": {
      "register_number": "111522203011",
      "name": "GAUTHAM S H",
      "Class": 1,
      "mode": "Dayscholar"
    }
  },
  {
    "model": "attendanceapp.student",
    "pk": 12,
    "fields": {
      "register_number": "111522203012",
      "name": "GIRIDHARAN P",
      "Class": 1,
      "mode": "Dayscholar"
    }
  },
  {
    "model": "attendanceapp.student",
    "pk": 13,
    "fields": {
      "register_number": "111522203013",
      "name": "GOBINATH K",
      "Class": 1,
      "mode": "Hosteller"
    }
  },
  {
    "model": "attendanceapp.student",
    "pk": 14,
    "fields": {
      "register_number": "111522203014",
      "name": "HARINI T",
      "Class": 1,
      "mode": "Hosteller"
    }
  },
  {
    "model": "attendanceapp.student",
    "pk": 15,
    "fields": {
      "register_number": "111522203015",
      "name": "HARISH B",
      "Class": 1,
      "mode": "Hosteller"
    }
  },
  {
    "model": "attendanceapp.student",
    "pk": 16,
    "fields": {
      "register_number": "111522203016",
      "name": "HARITHRA R",
      "Class": 1,
      "mode": "Dayscholar"
    }
  },
  {
    "model": "attendanceapp.student",
    "pk": 17,
    "fields": {
      "register_number": "111522203017",
      "name": "HARSHITHA D",
      "Class": 1,
      "mode": "Dayscholar"
    }
  },
  {
    "model": "attendanceapp.student",
    "pk": 18,
    "fields": {
      "register_number": "111522203018",
      "name": "HEMADARSHNI J",
      "Class": 1,
      "mode": "Dayscholar"
    }
  },
  {
    "model": "attendanceapp.student",
    "pk": 19,
    "fields": {
      "register_number": "111522203019",
      "name": "HEMAVATHY R",
      "Class": 1,
      "mode": "Dayscholar"
    }
  },
  {
    "model": "attendanceapp.student",
    "pk": 20,
    "fields": {
      "register_number": "111522203020",
      "name": "INBATHAMILAN A",
      "Class": 1,
      "mode": "Hosteller"
    }
  },
  {
    "model": "attendanceapp.student",
    "pk": 21,
    "fields": {
      "register_number": "111522203021",
      "name": "ISAIVASHINI S",
      "Class": 1,
      "mode": "Dayscholar"
    }
  },
  {
    "model": "attendanceapp.student",
    "pk": 22,
    "fields": {
      "register_number": "111522203022",
      "name": "KANISHIK E",
      "Class": 1,
      "mode": "Hosteller"
    }
  },
  {
    "model": "attendanceapp.student",
    "pk": 23,
    "fields": {
      "register_number": "111522203023",
      "name": "KANISHKA S",
      "Class": 1,
      "mode": "Hosteller"
    }
  },
  {
    "model": "attendanceapp.student",
    "pk": 24,
    "fields": {
      "register_number": "111522203024",
      "name": "KARTHIGA V",
      "Class": 1,
      "mode": "Dayscholar"
    }
  },
  {
    "model": "attendanceapp.student",
    "pk": 25,
    "fields": {
      "register_number": "111522203025",
      "name": "KAVIPRIYA P",
      "Class": 1,
      "mode": "Dayscholar"
    }
  },
  {
    "model": "attendanceapp.student",
    "pk": 26,
    "fields": {
      "register_number": "111522203026",
      "name": "KEERTHANA S",
      "Class": 1,
      "mode": "Dayscholar"
    }
  },
  {
    "model": "attendanceapp.student",
    "pk": 27,
    "fields": {
      "register_number": "111522203027",
      "name": "KISHORE BABU U",
      "Class": 1,
      "mode": "Dayscholar"
    }
  },
  {
    "model": "attendanceapp.student",
    "pk": 28,
    "fields": {
      "register_number": "111522203028",
      "name": "MANASA G V",
      "Class": 1,
      "mode": "Dayscholar"
    }
  },
  {
    "model": "attendanceapp.student",
    "pk": 29,
    "fields": {
      "register_number": "111522203029",
      "name": "MANJUSHREE M",
      "Class": 1,
      "mode": "Dayscholar"
    }
  },
  {
    "model": "attendanceapp.student",
    "pk": 30,
    "fields": {
      "register_number": "111522203030",
      "name": "MANOJ KUMAR P",
      "Class": 1,
      "mode": "Dayscholar"
    }
  },
  {
    "model": "attendanceapp.student",
    "pk": 31,
    "fields": {
      "register_number": "111522203031",
      "name": "MERCY CATHERINE D",
      "Class": 1,
      "mode": "Dayscholar"
    }
  },
  {
    "model": "attendanceapp.student",
    "pk": 32,
    "fields": {
      "register_number": "111522203032",
      "name": "MOHANA SHRI V",
      "Class": 1,
      "mode": "Dayscholar"
    }
  },
  {
    "model": "attendanceapp.student",
    "pk": 33,
    "fields": {
      "register_number": "111522203033",
      "name": "MOTHIPRAKASH R",
      "Class": 1,
      "mode": "Hosteller"
    }
  },
  {
    "model": "attendanceapp.student",
    "pk": 34,
    "fields": {
      "register_number": "111522203034",
      "name": "NIRANJANA R",
      "Class": 1,
      "mode": "Hosteller"
    }
  },
  {
    "model": "attendanceapp.student",
    "pk": 35,
    "fields": {
      "register_number": "111522203035",
      "name": "PRATHYUSH N P",
      "Class": 1,
      "mode": "Dayscholar"
    }
  },
  {
    "model": "attendanceapp.student",
    "pk": 36,
    "fields": {
      "register_number": "111522203036",
      "name": "PRAVEEN S",
      "Class": 1,
      "mode": "Hosteller"
    }
  },
  {
    "model": "attendanceapp.student",
    "pk": 37,
    "fields": {
      "register_number": "111522203037",
      "name": "PRIYADHARSHINI L",
      "Class": 1,
      "mode": "Dayscholar"
    }
  },
  {
    "model": "attendanceapp.student",
    "pk": 38,
    "fields": {
      "register_number": "111522203038",
      "name": "PRIYADHARSHINI S",
      "Class": 1,
      "mode": "Hosteller"
    }
  },
  {
    "model": "attendanceapp.student",
    "pk": 39,
    "fields": {
      "register_number": "111522203039",
      "name": "RAHUL K",
      "Class": 1,
      "mode": "Hosteller"
    }
  },
  {
    "model": "attendanceapp.student",
    "pk": 40,
    "fields": {
      "register_number": "111522203040",
      "name": "RAMANAN S",
      "Class": 1,
      "mode": "Hosteller"
    }
  },
  {
    "model": "attendanceapp.student",
    "pk": 41,
    "fields": {
      "register_number": "111522203041",
      "name": "RAMYA A",
      "Class": 1,
      "mode": "Dayscholar"
    }
  },
  {
    "model": "attendanceapp.student",
    "pk": 42,
    "fields": {
      "register_number": "111522203042",
      "name": "RASHMI S",
      "Class": 1,
      "mode": "Dayscholar"
    }
  },
  {
    "model": "attendanceapp.student",
    "pk": 43,
    "fields": {
      "register_number": "111522203043",
      "name": "RESHMA SHAIK",
      "Class": 1,
      "mode": "Dayscholar"
    }
  },
  {
    "model": "attendanceapp.student",
    "pk": 44,
    "fields": {
      "register_number": "111522203044",
      "name": "ROHITH KUMAR V",
      "Class": 1,
      "mode": "Dayscholar"
    }
  },
  {
    "model": "attendanceapp.student",
    "pk": 45,
    "fields": {
      "register_number": "111522203045",
      "name": "ROSHAN N S",
      "Class": 1,
      "mode": "Dayscholar"
    }
  },
  {
    "model": "attendanceapp.student",
    "pk": 46,
    "fields": {
      "register_number": "111522203046",
      "name": "RUBADHARSHINI P",
      "Class": 1,
      "mode": "Hosteller"
    }
  },
  {
    "model": "attendanceapp.student",
    "pk": 47,
    "fields": {
      "register_number": "111522203047",
      "name": "SAI VISHNU K",
      "Class": 1,
      "mode": "Dayscholar"
    }
  },
  {
    "model": "attendanceapp.student",
    "pk": 48,
    "fields": {
      "register_number": "111522203048",
      "name": "SATHYAPRIYA S",
      "Class": 1,
      "mode": "Dayscholar"
    }
  },
  {
    "model": "attendanceapp.student",
    "pk": 49,
    "fields": {
      "register_number": "111522203049",
      "name": "SHARAN A E",
      "Class": 1,
      "mode": "Dayscholar"
    }
  },
  {
    "model": "attendanceapp.student",
    "pk": 50,
    "fields": {
      "register_number": "111522203050",
      "name": "SHERLIN S",
      "Class": 1,
      "mode": "Dayscholar"
    }
  },
  {
    "model": "attendanceapp.student",
    "pk": 51,
    "fields": {
      "register_number": "111522203051",
      "name": "SHREYA AGRAWAL",
      "Class": 1,
      "mode": "Hosteller"
    }
  },
  {
    "model": "attendanceapp.student",
    "pk": 52,
    "fields": {
      "register_number": "111522203052",
      "name": "SIVAN ARUTCH SELVAN A S",
      "Class": 1,
      "mode": "Dayscholar"
    }
  },
  {
    "model": "attendanceapp.student",
    "pk": 53,
    "fields": {
      "register_number": "111522203053",
      "name": "SOWMYA V",
      "Class": 1,
      "mode": "Dayscholar"
    }
  },
  {
    "model": "attendanceapp.student",
    "pk": 54,
    "fields": {
      "register_number": "111522203054",
      "name": "SRINATH M",
      "Class": 1,
      "mode": "Hosteller"
    }
  },
  {
    "model": "attendanceapp.student",
    "pk": 55,
    "fields": {
      "register_number": "111522203055",
      "name": "SRINITHI P",
      "Class": 1,
      "mode": "Hosteller"
    }
  },
  {
    "model": "attendanceapp.student",
    "pk": 56,
    "fields": {
      "register_number": "111522203056",
      "name": "SRUTHIK T",
      "Class": 1,
      "mode": "Hosteller"
    }
  },
  {
    "model": "attendanceapp.student",
    "pk": 57,
    "fields": {
      "register_number": "111522203057",
      "name": "SUPRAJA M B",
      "Class": 1,
      "mode": "Dayscholar"
    }
  },
  {
    "model": "attendanceapp.student",
    "pk": 58,
    "fields": {
      "register_number": "111522203058",
      "name": "SWATHI V",
      "Class": 1,
      "mode": "Hosteller"
    }
  },
  {
    "model": "attendanceapp.student",
    "pk": 59,
    "fields": {
      "register_number": "111522203059",
      "name": "THANIGAIVELAVAN A",
      "Class": 1,
      "mode": "Dayscholar"
    }
  },
  {
    "model": "attendanceapp.student",
    "pk": 60,
    "fields": {
      "register_number": "111522203060",
      "name": "THIPIRISHETTY KAVYA SRI",
      "Class": 1,
      "mode": "Hosteller"
    }
  },
  {
    "model": "attendanceapp.student",
    "pk": 61,
    "fields": {
      "register_number": "111522203061",
      "name": "UDHAYA SARAVANAN G",
      "Class": 1,
      "mode": "Dayscholar"
    }
  },
  {
    "model": "attendanceapp.student",
    "pk": 62,
    "fields": {
      "register_number": "111522203062",
      "name": "VISHAL V",
      "Class": 1,
      "mode": "Dayscholar"
    }
  },
  {
    "model": "attendanceapp.student",
    "pk": 63,
    "fields": {
      "register_number": "111522203063",
      "name": "DINESH V",
      "Class": 1,
      "mode": "Dayscholar"
    }
  },
  {
    "model": "attendanceapp.student",
    "pk": 64,
    "fields": {
      "register_number": "111522203301",
      "name": "YASHWANTHASAI G K",
      "Class": 1,
      "mode": "Dayscholar"
    }
  },
  {
    "model": "attendanceapp.student",
    "pk": 65,
    "fields": {
      "register_number": "111",
      "name": "Test",
      "Class": 2,
      "mode": "Hosteller"
    }
  },
  {
    "model": "attendanceapp.staff",
    "pk": 1,
    "fields": {
      "name": "Jothilakshmi R",
      "email": "rjl.it@rmd.ac.in",
      "department": 1,
      "Class": 1
    }
  },
  {
    "model": "attendanceapp.staff",
    "pk": 2,
    "fields": {
      "name": "Bharathwaj",
      "email": "bharathwaj11a@gmail.com",
      "department": 1,
      "Class": null
    }
  },
  {
    "model": "attendanceapp.attendance",
    "pk": 1,
    "fields": {
      "date": "2024-07-25",
      "department": "IT",
      "semester": "V",
      "section": "A",
      "updated_at": "2024-07-25T15:26:48.666Z",
      "created_at": "2024-07-25T15:26:48.666Z"
    }
  },
  {
    "model": "attendanceapp.attendance",
    "pk": 2,
    "fields": {
      "date": "2024-07-26",
      "department": "IT",
      "semester": "V",
      "section": "A",
      "updated_at": "2024-07-26T03:27:54.996Z",
      "created_at": "2024-07-26T03:27:54.996Z"
    }
  },
  {
    "model": "attendanceapp.attendancereport",
    "pk": 1,
    "fields": {
      "student": 1,
      "Class": 1,
      "mode": "Dayscholar",
      "status": "Present",
      "date": "2024-07-25",
      "created_at": "2024-07-25T15:26:48.697Z",
      "updated_at": "2024-07-25T15:26:48.697Z"
    }
  },
  {
    "model": "attendanceapp.attendancereport",
    "pk": 2,
    "fields": {
      "student": 2,
      "Class": 1,
      "mode": "Hosteller",
      "status": "Present",
      "date": "2024-07-25",
      "created_at": "2024-07-25T15:26:48.726Z",
      "updated_at": "2024-07-25T15:26:48.726Z"
    }
  },
  {
    "model": "attendanceapp.attendancereport",
    "pk": 3,
    "fields": {
      "student": 3,
      "Class": 1,
      "mode": "Dayscholar",
      "status": "Present",
      "date": "2024-07-25",
      "created_at": "2024-07-25T15:26:48.758Z",
      "updated_at": "2024-07-25T15:26:48.758Z"
    }
  },
  {
    "model": "attendanceapp.attendancereport",
    "pk": 4,
    "fields": {
      "student": 4,
      "Class": 1,
      "mode": "Dayscholar",
      "status": "Present",
      "date": "2024-07-25",
      "created_at": "2024-07-25T15:26:48.792Z",
      "updated_at": "2024-07-25T15:26:48.792Z"
    }
  },
  {
    "model": "attendanceapp.attendancereport",
    "pk": 5,
    "fields": {
      "student": 5,
      "Class": 1,
      "mode": "Dayscholar",
      "status": "Present",
      "date": "2024-07-25",
      "created_at": "2024-07-25T15:26:48.823Z",
      "updated_at": "2024-07-25T15:26:48.823Z"
    }
  },
  {
    "model": "attendanceapp.attendancereport",
    "pk": 6,
    "fields": {
      "student": 6,
      "Class": 1,
      "mode": "Dayscholar",
      "status": "Present",
      "date": "2024-07-25",
      "created_at": "2024-07-25T15:26:48.854Z",
      "updated_at": "2024-07-25T15:26:48.854Z"
    }
  },
  {
    "model": "attendanceapp.attendancereport",
    "pk": 7,
    "fields": {
      "student": 7,
      "Class": 1,
      "mode": "Dayscholar",
      "status": "Present",
      "date": "2024-07-25",
      "created_at": "2024-07-25T15:26:48.884Z",
      "updated_at": "2024-07-25T15:26:48.884Z"
    }
  },
  {
    "model": "attendanceapp.attendancereport",
    "pk": 8,
    "fields": {
      "student": 8,
      "Class": 1,
      "mode": "Dayscholar",
      "status": "Present",
      "date": "2024-07-25",
      "created_at": "2024-07-25T15:26:48.910Z",
      "updated_at": "2024-07-25T15:26:48.910Z"
    }
  },
  {
    "model": "attendanceapp.attendancereport",
    "pk": 9,
    "fields": {
      "student": 9,
      "Class": 1,
      "mode": "Dayscholar",
      "status": "Present",
      "date": "2024-07-25",
      "created_at": "2024-07-25T15:26:48.939Z",
      "updated_at": "2024-07-25T15:26:48.939Z"
    }
  },
  {
    "model": "attendanceapp.attendancereport",
    "pk": 10,
    "fields": {
      "student": 10,
      "Class": 1,
      "mode": "Dayscholar",
      "status": "Present",
      "date": "2024-07-25",
      "created_at": "2024-07-25T15:26:48.967Z",
      "updated_at": "2024-07-25T15:26:48.967Z"
    }
  },
  {
    "model": "attendanceapp.attendancereport",
    "pk": 11,
    "fields": {
      "student": 11,
      "Class": 1,
      "mode": "Dayscholar",
      "status": "Present",
      "date": "2024-07-25",
      "created_at": "2024-07-25T15:26:48.998Z",
      "updated_at": "2024-07-25T15:26:48.998Z"
    }
  },
  {
    "model": "attendanceapp.attendancereport",
    "pk": 12,
    "fields": {
      "student": 12,
      "Class": 1,
      "mode": "Dayscholar",
      "status": "Present",
      "date": "2024-07-25",
      "created_at": "2024-07-25T15:26:49.030Z",
      "updated_at": "2024-07-25T15:26:49.031Z"
    }
  },
  {
    "model": "attendanceapp.attendancereport",
    "pk": 13,
    "fields": {
      "student": 13,
      "Class": 1,
      "mode": "Hosteller",
      "status": "Present",
      "date": "2024-07-25",
      "created_at": "2024-07-25T15:26:49.060Z",
      "updated_at": "2024-07-25T15:26:49.060Z"
    }
  },
  {
    "model": "attendanceapp.attendancereport",
    "pk": 14,
    "fields": {
      "student": 14,
      "Class": 1,
      "mode": "Hosteller",
      "status": "Present",
      "date": "2024-07-25",
      "created_at": "2024-07-25T15:26:49.089Z",
      "updated_at": "2024-07-25T15:26:49.089Z"
    }
  },
  {
    "model": "attendanceapp.attendancereport",
    "pk": 15,
    "fields": {
      "student": 15,
      "Class": 1,
      "mode": "Hosteller",
      "status": "Present",
      "date": "2024-07-25",
      "created_at": "2024-07-25T15:26:49.117Z",
      "updated_at": "2024-07-25T15:26:49.117Z"
    }
  },
  {
    "model": "attendanceapp.attendancereport",
    "pk": 16,
    "fields": {
      "student": 16,
      "Class": 1,
      "mode": "Dayscholar",
      "status": "Present",
      "date": "2024-07-25",
      "created_at": "2024-07-25T15:26:49.150Z",
      "updated_at": "2024-07-25T15:26:49.150Z"
    }
  },
  {
    "model": "attendanceapp.attendancereport",
    "pk": 17,
    "fields": {
      "student": 17,
      "Class": 1,
      "mode": "Dayscholar",
      "status": "Present",
      "date": "2024-07-25",
      "created_at": "2024-07-25T15:26:49.179Z",
      "updated_at": "2024-07-25T15:26:49.179Z"
    }
  },
  {
    "model": "attendanceapp.attendancereport",
    "pk": 18,
    "fields": {
      "student": 18,
      "Class": 1,
      "mode": "Dayscholar",
      "status": "Present",
      "date": "2024-07-25",
      "created_at": "2024-07-25T15:26:49.207Z",
      "updated_at": "2024-07-25T15:26:49.207Z"
    }
  },
  {
    "model": "attendanceapp.attendancereport",
    "pk": 19,
    "fields": {
      "student": 19,
      "Class": 1,
      "mode": "Dayscholar",
      "status": "Present",
      "date": "2024-07-25",
      "created_at": "2024-07-25T15:26:49.236Z",
      "updated_at": "2024-07-25T15:26:49.236Z"
    }
  },
  {
    "model": "attendanceapp.attendancereport",
    "pk": 20,
    "fields": {
      "student": 20,
      "Class": 1,
      "mode": "Hosteller",
      "status": "Present",
      "date": "2024-07-25",
      "created_at": "2024-07-25T15:26:49.266Z",
      "updated_at": "2024-07-25T15:26:49.266Z"
    }
  },
  {
    "model": "attendanceapp.attendancereport",
    "pk": 21,
    "fields": {
      "student": 21,
      "Class": 1,
      "mode": "Dayscholar",
      "status": "Present",
      "date": "2024-07-25",
      "created_at": "2024-07-25T15:26:49.294Z",
      "updated_at": "2024-07-25T15:26:49.295Z"
    }
  },
  {
    "model": "attendanceapp.attendancereport",
    "pk": 22,
    "fields": {
      "student": 22,
      "Class": 1,
      "mode": "Hosteller",
      "status": "Present",
      "date": "2024-07-25",
      "created_at": "2024-07-25T15:26:49.324Z",
      "updated_at": "2024-07-25T15:26:49.324Z"
    }
  },
  {
    "model": "attendanceapp.attendancereport",
    "pk": 23,
    "fields": {
      "student": 23,
      "Class": 1,
      "mode": "Hosteller",
      "status": "Present",
      "date": "2024-07-25",
      "created_at": "2024-07-25T15:26:49.353Z",
      "updated_at": "2024-07-25T15:26:49.353Z"
    }
  },
  {
    "model": "attendanceapp.attendancereport",
    "pk": 24,
    "fields": {
      "student": 24,
      "Class": 1,
      "mode": "Dayscholar",
      "status": "Present",
      "date": "2024-07-25",
      "created_at": "2024-07-25T15:26:49.381Z",
      "updated_at": "2024-07-25T15:26:49.381Z"
    }
  },
  {
    "model": "attendanceapp.attendancereport",
    "pk": 25,
    "fields": {
      "student": 25,
      "Class": 1,
      "mode": "Dayscholar",
      "status": "Present",
      "date": "2024-07-25",
      "created_at": "2024-07-25T15:26:49.423Z",
      "updated_at": "2024-07-25T15:26:49.423Z"
    }
  },
  {
    "model": "attendanceapp.attendancereport",
    "pk": 26,
    "fields": {
      "student": 26,
      "Class": 1,
      "mode": "Dayscholar",
      "status": "Present",
      "date": "2024-07-25",
      "created_at": "2024-07-25T15:26:49.456Z",
      "updated_at": "2024-07-25T15:26:49.456Z"
    }
  },
  {
    "model": "attendanceapp.attendancereport",
    "pk": 27,
    "fields": {
      "student": 27,
      "Class": 1,
      "mode": "Dayscholar",
      "status": "Present",
      "date": "2024-07-25",
      "created_at": "2024-07-25T15:26:49.500Z",
      "updated_at": "2024-07-25T15:26:49.500Z"
    }
  },
  {
    "model": "attendanceapp.attendancereport",
    "pk": 28,
    "fields": {
      "student": 28,
      "Class": 1,
      "mode": "Dayscholar",
      "status": "Present",
      "date": "2024-07-25",
      "created_at": "2024-07-25T15:26:49.529Z",
      "updated_at": "2024-07-25T15:26:49.529Z"
    }
  },
  {
    "model": "attendanceapp.attendancereport",
    "pk": 29,
    "fields": {
      "student": 29,
      "Class": 1,
      "mode": "Dayscholar",
      "status": "Present",
      "date": "2024-07-25",
      "created_at": "2024-07-25T15:26:49.561Z",
      "updated_at": "2024-07-25T15:26:49.561Z"
    }
  },
  {
    "model": "attendanceapp.attendancereport",
    "pk": 30,
    "fields": {
      "student": 30,
      "Class": 1,
      "mode": "Dayscholar",
      "status": "On Duty External",
      "date": "2024-07-25",
      "created_at": "2024-07-25T15:26:49.593Z",
      "updated_at": "2024-07-25T15:26:49.593Z"
    }
  },
  {
    "model": "attendanceapp.attendancereport",
    "pk": 31,
    "fields": {
      "student": 31,
      "Class": 1,
      "mode": "Dayscholar",
      "status": "Present",
      "date": "2024-07-25",
      "created_at": "2024-07-25T15:26:49.627Z",
      "updated_at": "2024-07-25T15:26:49.627Z"
    }
  },
  {
    "model": "attendanceapp.attendancereport",
    "pk": 32,
    "fields": {
      "student": 32,
      "Class": 1,
      "mode": "Dayscholar",
      "status": "Present",
      "date": "2024-07-25",
      "created_at": "2024-07-25T15:26:49.659Z",
      "updated_at": "2024-07-25T15:26:49.659Z"
    }
  },
  {
    "model": "attendanceapp.attendancereport",
    "pk": 33,
    "fields": {
      "student": 33,
      "Class": 1,
      "mode": "Hosteller",
      "status": "Present",
      "date": "2024-07-25",
      "created_at": "2024-07-25T15:26:49.694Z",
      "updated_at": "2024-07-25T15:26:49.694Z"
    }
  },
  {
    "model": "attendanceapp.attendancereport",
    "pk": 34,
    "fields": {
      "student": 34,
      "Class": 1,
      "mode": "Hosteller",
      "status": "Present",
      "date": "2024-07-25",
      "created_at": "2024-07-25T15:26:49.723Z",
      "updated_at": "2024-07-25T15:26:49.723Z"
    }
  },
  {
    "model": "attendanceapp.attendancereport",
    "pk": 35,
    "fields": {
      "student": 35,
      "Class": 1,
      "mode": "Dayscholar",
      "status": "Present",
      "date": "2024-07-25",
      "created_at": "2024-07-25T15:26:49.752Z",
      "updated_at": "2024-07-25T15:26:49.752Z"
    }
  },
  {
    "model": "attendanceapp.attendancereport",
    "pk": 36,
    "fields": {
      "student": 36,
      "Class": 1,
      "mode": "Hosteller",
      "status": "Present",
      "date": "2024-07-25",
      "created_at": "2024-07-25T15:26:49.784Z",
      "updated_at": "2024-07-25T15:26:49.784Z"
    }
  },
  {
    "model": "attendanceapp.attendancereport",
    "pk": 37,
    "fields": {
      "student": 37,
      "Class": 1,
      "mode": "Dayscholar",
      "status": "Present",
      "date": "2024-07-25",
      "created_at": "2024-07-25T15:26:49.815Z",
      "updated_at": "2024-07-25T15:26:49.815Z"
    }
  },
  {
    "model": "attendanceapp.attendancereport",
    "pk": 38,
    "fields": {
      "student": 38,
      "Class": 1,
      "mode": "Hosteller",
      "status": "Present",
      "date": "2024-07-25",
      "created_at": "2024-07-25T15:26:49.846Z",
      "updated_at": "2024-07-25T15:26:49.846Z"
    }
  },
  {
    "model": "attendanceapp.attendancereport",
    "pk": 39,
    "fields": {
      "student": 39,
      "Class": 1,
      "mode": "Hosteller",
      "status": "Present",
      "date": "2024-07-25",
      "created_at": "2024-07-25T15:26:49.889Z",
      "updated_at": "2024-07-25T15:26:49.889Z"
    }
  },
  {
    "model": "attendanceapp.attendancereport",
    "pk": 40,
    "fields": {
      "student": 40,
      "Class": 1,
      "mode": "Hosteller",
      "status": "Present",
      "date": "2024-07-25",
      "created_at": "2024-07-25T15:26:49.927Z",
      "updated_at": "2024-07-25T15:26:49.927Z"
    }
  },
  {
    "model": "attendanceapp.attendancereport",
    "pk": 41,
    "fields": {
      "student": 41,
      "Class": 1,
      "mode": "Dayscholar",
      "status": "Present",
      "date": "2024-07-25",
      "created_at": "2024-07-25T15:26:49.957Z",
      "updated_at": "2024-07-25T15:26:49.957Z"
    }
  },
  {
    "model": "attendanceapp.attendancereport",
    "pk": 42,
    "fields": {
      "student": 42,
      "Class": 1,
      "mode": "Dayscholar",
      "status": "Present",
      "date": "2024-07-25",
      "created_at": "2024-07-25T15:26:49.997Z",
      "updated_at": "2024-07-25T15:26:49.997Z"
    }
  },
  {
    "model": "attendanceapp.attendancereport",
    "pk": 43,
    "fields": {
      "student": 43,
      "Class": 1,
      "mode": "Dayscholar",
      "status": "Present",
      "date": "2024-07-25",
      "created_at": "2024-07-25T15:26:50.027Z",
      "updated_at": "2024-07-25T15:26:50.027Z"
    }
  },
  {
    "model": "attendanceapp.attendancereport",
    "pk": 44,
    "fields": {
      "student": 44,
      "Class": 1,
      "mode": "Dayscholar",
      "status": "Present",
      "date": "2024-07-25",
      "created_at": "2024-07-25T15:26:50.056Z",
      "updated_at": "2024-07-25T15:26:50.056Z"
    }
  },
  {
    "model": "attendanceapp.attendancereport",
    "pk": 45,
    "fields": {
      "student": 45,
      "Class": 1,
      "mode": "Dayscholar",
      "status": "Present",
      "date": "2024-07-25",
      "created_at": "2024-07-25T15:26:50.092Z",
      "updated_at": "2024-07-25T15:26:50.092Z"
    }
  },
  {
    "model": "attendanceapp.attendancereport",
    "pk": 46,
    "fields": {
      "student": 46,
      "Class": 1,
      "mode": "Hosteller",
      "status": "Present",
      "date": "2024-07-25",
      "created_at": "2024-07-25T15:26:50.122Z",
      "updated_at": "2024-07-25T15:26:50.122Z"
    }
  },
  {
    "model": "attendanceapp.attendancereport",
    "pk": 47,
    "fields": {
      "student": 47,
      "Class": 1,
      "mode": "Dayscholar",
      "status": "Present",
      "date": "2024-07-25",
      "created_at": "2024-07-25T15:26:50.151Z",
      "updated_at": "2024-07-25T15:26:50.151Z"
    }
  },
  {
    "model": "attendanceapp.attendancereport",
    "pk": 48,
    "fields": {
      "student": 48,
      "Class": 1,
      "mode": "Dayscholar",
      "status": "Absent",
      "date": "2024-07-25",
      "created_at": "2024-07-25T15:26:50.187Z",
      "updated_at": "2024-07-25T15:26:50.187Z"
    }
  },
  {
    "model": "attendanceapp.attendancereport",
    "pk": 49,
    "fields": {
      "student": 49,
      "Class": 1,
      "mode": "Dayscholar",
      "status": "On Duty Internal",
      "date": "2024-07-25",
      "created_at": "2024-07-25T15:26:50.219Z",
      "updated_at": "2024-07-25T15:26:50.219Z"
    }
  },
  {
    "model": "attendanceapp.attendancereport",
    "pk": 50,
    "fields": {
      "student": 50,
      "Class": 1,
      "mode": "Dayscholar",
      "status": "Present",
      "date": "2024-07-25",
      "created_at": "2024-07-25T15:26:50.251Z",
      "updated_at": "2024-07-25T15:26:50.251Z"
    }
  },
  {
    "model": "attendanceapp.attendancereport",
    "pk": 51,
    "fields": {
      "student": 51,
      "Class": 1,
      "mode": "Hosteller",
      "status": "Absent",
      "date": "2024-07-25",
      "created_at": "2024-07-25T15:26:50.291Z",
      "updated_at": "2024-07-25T15:26:50.291Z"
    }
  },
  {
    "model": "attendanceapp.attendancereport",
    "pk": 52,
    "fields": {
      "student": 52,
      "Class": 1,
      "mode": "Dayscholar",
      "status": "Present",
      "date": "2024-07-25",
      "created_at": "2024-07-25T15:26:50.329Z",
      "updated_at": "2024-07-25T15:26:50.329Z"
    }
  },
  {
    "model": "attendanceapp.attendancereport",
    "pk": 53,
    "fields": {
      "student": 53,
      "Class": 1,
      "mode": "Dayscholar",
      "status": "Present",
      "date": "2024-07-25",
      "created_at": "2024-07-25T15:26:50.371Z",
      "updated_at": "2024-07-25T15:26:50.371Z"
    }
  },
  {
    "model": "attendanceapp.attendancereport",
    "pk": 54,
    "fields": {
      "student": 54,
      "Class": 1,
      "mode": "Hosteller",
      "status": "Present",
      "date": "2024-07-25",
      "created_at": "2024-07-25T15:26:50.398Z",
      "updated_at": "2024-07-25T15:26:50.398Z"
    }
  },
  {
    "model": "attendanceapp.attendancereport",
    "pk": 55,
    "fields": {
      "student": 55,
      "Class": 1,
      "mode": "Hosteller",
      "status": "Present",
      "date": "2024-07-25",
      "created_at": "2024-07-25T15:26:50.426Z",
      "updated_at": "2024-07-25T15:26:50.426Z"
    }
  },
  {
    "model": "attendanceapp.attendancereport",
    "pk": 56,
    "fields": {
      "student": 56,
      "Class": 1,
      "mode": "Hosteller",
      "status": "Present",
      "date": "2024-07-25",
      "created_at": "2024-07-25T15:26:50.465Z",
      "updated_at": "2024-07-25T15:26:50.465Z"
    }
  },
  {
    "model": "attendanceapp.attendancereport",
    "pk": 57,
    "fields": {
      "student": 57,
      "Class": 1,
      "mode": "Dayscholar",
      "status": "Present",
      "date": "2024-07-25",
      "created_at": "2024-07-25T15:26:50.508Z",
      "updated_at": "2024-07-25T15:26:50.508Z"
    }
  },
  {
    "model": "attendanceapp.attendancereport",
    "pk": 58,
    "fields": {
      "student": 58,
      "Class": 1,
      "mode": "Hosteller",
      "status": "On Duty Internal",
      "date": "2024-07-25",
      "created_at": "2024-07-25T15:26:50.543Z",
      "updated_at": "2024-07-25T15:26:50.543Z"
    }
  },
  {
    "model": "attendanceapp.attendancereport",
    "pk": 59,
    "fields": {
      "student": 59,
      "Class": 1,
      "mode": "Dayscholar",
      "status": "Present",
      "date": "2024-07-25",
      "created_at": "2024-07-25T15:26:50.577Z",
      "updated_at": "2024-07-25T15:26:50.577Z"
    }
  },
  {
    "model": "attendanceapp.attendancereport",
    "pk": 60,
    "fields": {
      "student": 60,
      "Class": 1,
      "mode": "Hosteller",
      "status": "Present",
      "date": "2024-07-25",
      "created_at": "2024-07-25T15:26:50.607Z",
      "updated_at": "2024-07-25T15:26:50.607Z"
    }
  },
  {
    "model": "attendanceapp.attendancereport",
    "pk": 61,
    "fields": {
      "student": 61,
      "Class": 1,
      "mode": "Dayscholar",
      "status": "Present",
      "date": "2024-07-25",
      "created_at": "2024-07-25T15:26:50.638Z",
      "updated_at": "2024-07-25T15:26:50.638Z"
    }
  },
  {
    "model": "attendanceapp.attendancereport",
    "pk": 62,
    "fields": {
      "student": 62,
      "Class": 1,
      "mode": "Dayscholar",
      "status": "Present",
      "date": "2024-07-25",
      "created_at": "2024-07-25T15:26:50.674Z",
      "updated_at": "2024-07-25T15:26:50.674Z"
    }
  },
  {
    "model": "attendanceapp.attendancereport",
    "pk": 63,
    "fields": {
      "student": 63,
      "Class": 1,
      "mode": "Dayscholar",
      "status": "Present",
      "date": "2024-07-25",
      "created_at": "2024-07-25T15:26:50.703Z",
      "updated_at": "2024-07-25T15:26:50.704Z"
    }
  },
  {
    "model": "attendanceapp.attendancereport",
    "pk": 64,
    "fields": {
      "student": 64,
      "Class": 1,
      "mode": "Dayscholar",
      "status": "Present",
      "date": "2024-07-25",
      "created_at": "2024-07-25T15:26:50.737Z",
      "updated_at": "2024-07-25T15:26:50.737Z"
    }
  },
  {
    "model": "attendanceapp.attendancereport",
    "pk": 65,
    "fields": {
      "student": 1,
      "Class": 2,
      "mode": "Dayscholar",
      "status": "Present",
      "date": "2024-07-26",
      "created_at": "2024-07-26T03:27:55.018Z",
      "updated_at": "2024-07-26T03:27:55.018Z"
    }
  },
  {
    "model": "attendanceapp.attendancereport",
    "pk": 66,
    "fields": {
      "student": 2,
      "Class": 2,
      "mode": "Hosteller",
      "status": "Present",
      "date": "2024-07-26",
      "created_at": "2024-07-26T03:27:55.043Z",
      "updated_at": "2024-07-26T03:27:55.043Z"
    }
  },
  {
    "model": "attendanceapp.attendancereport",
    "pk": 67,
    "fields": {
      "student": 3,
      "Class": 2,
      "mode": "Dayscholar",
      "status": "Present",
      "date": "2024-07-26",
      "created_at": "2024-07-26T03:27:55.068Z",
      "updated_at": "2024-07-26T03:27:55.068Z"
    }
  },
  {
    "model": "attendanceapp.attendancereport",
    "pk": 68,
    "fields": {
      "student": 4,
      "Class": 2,
      "mode": "Dayscholar",
      "status": "Present",
      "date": "2024-07-26",
      "created_at": "2024-07-26T03:27:55.090Z",
      "updated_at": "2024-07-26T03:27:55.090Z"
    }
  },
  {
    "model": "attendanceapp.attendancereport",
    "pk": 69,
    "fields": {
      "student": 5,
      "Class": 2,
      "mode": "Dayscholar",
      "status": "Present",
      "date": "2024-07-26",
      "created_at": "2024-07-26T03:27:55.112Z",
      "updated_at": "2024-07-26T03:27:55.112Z"
    }
  },
  {
    "model": "attendanceapp.attendancereport",
    "pk": 70,
    "fields": {
      "student": 6,
      "Class": 2,
      "mode": "Dayscholar",
      "status": "Present",
      "date": "2024-07-26",
      "created_at": "2024-07-26T03:27:55.133Z",
      "updated_at": "2024-07-26T03:27:55.133Z"
    }
  },
  {
    "model": "attendanceapp.attendancereport",
    "pk": 71,
    "fields": {
      "student": 7,
      "Class": 2,
      "mode": "Dayscholar",
      "status": "Present",
      "date": "2024-07-26",
      "created_at": "2024-07-26T03:27:55.158Z",
      "updated_at": "2024-07-26T03:27:55.158Z"
    }
  },
  {
    "model": "attendanceapp.attendancereport",
    "pk": 72,
    "fields": {
      "student": 8,
      "Class": 2,
      "mode": "Dayscholar",
      "status": "Present",
      "date": "2024-07-26",
      "created_at": "2024-07-26T03:27:55.182Z",
      "updated_at": "2024-07-26T03:27:55.182Z"
    }
  },
  {
    "model": "attendanceapp.attendancereport",
    "pk": 73,
    "fields": {
      "student": 9,
      "Class": 2,
      "mode": "Dayscholar",
      "status": "Present",
      "date": "2024-07-26",
      "created_at": "2024-07-26T03:27:55.204Z",
      "updated_at": "2024-07-26T03:27:55.204Z"
    }
  },
  {
    "model": "attendanceapp.attendancereport",
    "pk": 74,
    "fields": {
      "student": 10,
      "Class": 2,
      "mode": "Dayscholar",
      "status": "Present",
      "date": "2024-07-26",
      "created_at": "2024-07-26T03:27:55.227Z",
      "updated_at": "2024-07-26T03:27:55.227Z"
    }
  },
  {
    "model": "attendanceapp.attendancereport",
    "pk": 75,
    "fields": {
      "student": 11,
      "Class": 2,
      "mode": "Dayscholar",
      "status": "Present",
      "date": "2024-07-26",
      "created_at": "2024-07-26T03:27:55.249Z",
      "updated_at": "2024-07-26T03:27:55.250Z"
    }
  },
  {
    "model": "attendanceapp.attendancereport",
    "pk": 76,
    "fields": {
      "student": 12,
      "Class": 2,
      "mode": "Dayscholar",
      "status": "Present",
      "date": "2024-07-26",
      "created_at": "2024-07-26T03:27:55.276Z",
      "updated_at": "2024-07-26T03:27:55.276Z"
    }
  },
  {
    "model": "attendanceapp.attendancereport",
    "pk": 77,
    "fields": {
      "student": 13,
      "Class": 2,
      "mode": "Hosteller",
      "status": "Present",
      "date": "2024-07-26",
      "created_at": "2024-07-26T03:27:55.298Z",
      "updated_at": "2024-07-26T03:27:55.298Z"
    }
  },
  {
    "model": "attendanceapp.attendancereport",
    "pk": 78,
    "fields": {
      "student": 14,
      "Class": 2,
      "mode": "Hosteller",
      "status": "Present",
      "date": "2024-07-26",
      "created_at": "2024-07-26T03:27:55.320Z",
      "updated_at": "2024-07-26T03:27:55.320Z"
    }
  },
  {
    "model": "attendanceapp.attendancereport",
    "pk": 79,
    "fields": {
      "student": 15,
      "Class": 2,
      "mode": "Hosteller",
      "status": "Present",
      "date": "2024-07-26",
      "created_at": "2024-07-26T03:27:55.344Z",
      "updated_at": "2024-07-26T03:27:55.344Z"
    }
  },
  {
    "model": "attendanceapp.attendancereport",
    "pk": 80,
    "fields": {
      "student": 16,
      "Class": 2,
      "mode": "Dayscholar",
      "status": "Present",
      "date": "2024-07-26",
      "created_at": "2024-07-26T03:27:55.366Z",
      "updated_at": "2024-07-26T03:27:55.366Z"
    }
  },
  {
    "model": "attendanceapp.attendancereport",
    "pk": 81,
    "fields": {
      "student": 17,
      "Class": 2,
      "mode": "Dayscholar",
      "status": "Present",
      "date": "2024-07-26",
      "created_at": "2024-07-26T03:27:55.388Z",
      "updated_at": "2024-07-26T03:27:55.388Z"
    }
  },
  {
    "model": "attendanceapp.attendancereport",
    "pk": 82,
    "fields": {
      "student": 18,
      "Class": 2,
      "mode": "Dayscholar",
      "status": "Present",
      "date": "2024-07-26",
      "created_at": "2024-07-26T03:27:55.410Z",
      "updated_at": "2024-07-26T03:27:55.410Z"
    }
  },
  {
    "model": "attendanceapp.attendancereport",
    "pk": 83,
    "fields": {
      "student": 19,
      "Class": 2,
      "mode": "Dayscholar",
      "status": "Present",
      "date": "2024-07-26",
      "created_at": "2024-07-26T03:27:55.432Z",
      "updated_at": "2024-07-26T03:27:55.432Z"
    }
  },
  {
    "model": "attendanceapp.attendancereport",
    "pk": 84,
    "fields": {
      "student": 20,
      "Class": 2,
      "mode": "Hosteller",
      "status": "Present",
      "date": "2024-07-26",
      "created_at": "2024-07-26T03:27:55.454Z",
      "updated_at": "2024-07-26T03:27:55.454Z"
    }
  },
  {
    "model": "attendanceapp.attendancereport",
    "pk": 85,
    "fields": {
      "student": 21,
      "Class": 2,
      "mode": "Dayscholar",
      "status": "Present",
      "date": "2024-07-26",
      "created_at": "2024-07-26T03:27:55.477Z",
      "updated_at": "2024-07-26T03:27:55.477Z"
    }
  },
  {
    "model": "attendanceapp.attendancereport",
    "pk": 86,
    "fields": {
      "student": 22,
      "Class": 2,
      "mode": "Hosteller",
      "status": "Present",
      "date": "2024-07-26",
      "created_at": "2024-07-26T03:27:55.501Z",
      "updated_at": "2024-07-26T03:27:55.501Z"
    }
  },
  {
    "model": "attendanceapp.attendancereport",
    "pk": 87,
    "fields": {
      "student": 23,
      "Class": 2,
      "mode": "Hosteller",
      "status": "Present",
      "date": "2024-07-26",
      "created_at": "2024-07-26T03:27:55.531Z",
      "updated_at": "2024-07-26T03:27:55.531Z"
    }
  },
  {
    "model": "attendanceapp.attendancereport",
    "pk": 88,
    "fields": {
      "student": 24,
      "Class": 2,
      "mode": "Dayscholar",
      "status": "Present",
      "date": "2024-07-26",
      "created_at": "2024-07-26T03:27:55.554Z",
      "updated_at": "2024-07-26T03:27:55.554Z"
    }
  },
  {
    "model": "attendanceapp.attendancereport",
    "pk": 89,
    "fields": {
      "student": 25,
      "Class": 2,
      "mode": "Dayscholar",
      "status": "Present",
      "date": "2024-07-26",
      "created_at": "2024-07-26T03:27:55.583Z",
      "updated_at": "2024-07-26T03:27:55.583Z"
    }
  },
  {
    "model": "attendanceapp.attendancereport",
    "pk": 90,
    "fields": {
      "student": 26,
      "Class": 2,
      "mode": "Dayscholar",
      "status": "Present",
      "date": "2024-07-26",
      "created_at": "2024-07-26T03:27:55.608Z",
      "updated_at": "2024-07-26T03:27:55.608Z"
    }
  },
  {
    "model": "attendanceapp.attendancereport",
    "pk": 91,
    "fields": {
      "student": 27,
      "Class": 2,
      "mode": "Dayscholar",
      "status": "Present",
      "date": "2024-07-26",
      "created_at": "2024-07-26T03:27:55.630Z",
      "updated_at": "2024-07-26T03:27:55.630Z"
    }
  },
  {
    "model": "attendanceapp.attendancereport",
    "pk": 92,
    "fields": {
      "student": 28,
      "Class": 2,
      "mode": "Dayscholar",
      "status": "Present",
      "date": "2024-07-26",
      "created_at": "2024-07-26T03:27:55.653Z",
      "updated_at": "2024-07-26T03:27:55.653Z"
    }
  },
  {
    "model": "attendanceapp.attendancereport",
    "pk": 93,
    "fields": {
      "student": 29,
      "Class": 2,
      "mode": "Dayscholar",
      "status": "Present",
      "date": "2024-07-26",
      "created_at": "2024-07-26T03:27:55.675Z",
      "updated_at": "2024-07-26T03:27:55.675Z"
    }
  },
  {
    "model": "attendanceapp.attendancereport",
    "pk": 94,
    "fields": {
      "student": 30,
      "Class": 2,
      "mode": "Dayscholar",
      "status": "Present",
      "date": "2024-07-26",
      "created_at": "2024-07-26T03:27:55.699Z",
      "updated_at": "2024-07-26T03:27:55.699Z"
    }
  },
  {
    "model": "attendanceapp.attendancereport",
    "pk": 95,
    "fields": {
      "student": 31,
      "Class": 2,
      "mode": "Dayscholar",
      "status": "Present",
      "date": "2024-07-26",
      "created_at": "2024-07-26T03:27:55.733Z",
      "updated_at": "2024-07-26T03:27:55.733Z"
    }
  },
  {
    "model": "attendanceapp.attendancereport",
    "pk": 96,
    "fields": {
      "student": 32,
      "Class": 2,
      "mode": "Dayscholar",
      "status": "Present",
      "date": "2024-07-26",
      "created_at": "2024-07-26T03:27:55.756Z",
      "updated_at": "2024-07-26T03:27:55.756Z"
    }
  },
  {
    "model": "attendanceapp.attendancereport",
    "pk": 97,
    "fields": {
      "student": 33,
      "Class": 2,
      "mode": "Hosteller",
      "status": "Present",
      "date": "2024-07-26",
      "created_at": "2024-07-26T03:27:55.780Z",
      "updated_at": "2024-07-26T03:27:55.780Z"
    }
  },
  {
    "model": "attendanceapp.attendancereport",
    "pk": 98,
    "fields": {
      "student": 34,
      "Class": 2,
      "mode": "Hosteller",
      "status": "Present",
      "date": "2024-07-26",
      "created_at": "2024-07-26T03:27:55.803Z",
      "updated_at": "2024-07-26T03:27:55.803Z"
    }
  },
  {
    "model": "attendanceapp.attendancereport",
    "pk": 99,
    "fields": {
      "student": 35,
      "Class": 2,
      "mode": "Dayscholar",
      "status": "Present",
      "date": "2024-07-26",
      "created_at": "2024-07-26T03:27:55.830Z",
      "updated_at": "2024-07-26T03:27:55.830Z"
    }
  },
  {
    "model": "attendanceapp.attendancereport",
    "pk": 100,
    "fields": {
      "student": 36,
      "Class": 2,
      "mode": "Hosteller",
      "status": "Present",
      "date": "2024-07-26",
      "created_at": "2024-07-26T03:27:55.853Z",
      "updated_at": "2024-07-26T03:27:55.853Z"
    }
  },
  {
    "model": "attendanceapp.attendancereport",
    "pk": 101,
    "fields": {
      "student": 37,
      "Class": 2,
      "mode": "Dayscholar",
      "status": "Present",
      "date": "2024-07-26",
      "created_at": "2024-07-26T03:27:55.876Z",
      "updated_at": "2024-07-26T03:27:55.876Z"
    }
  },
  {
    "model": "attendanceapp.attendancereport",
    "pk": 102,
    "fields": {
      "student": 38,
      "Class": 2,
      "mode": "Hosteller",
      "status": "Present",
      "date": "2024-07-26",
      "created_at": "2024-07-26T03:27:55.898Z",
      "updated_at": "2024-07-26T03:27:55.898Z"
    }
  },
  {
    "model": "attendanceapp.attendancereport",
    "pk": 103,
    "fields": {
      "student": 39,
      "Class": 2,
      "mode": "Hosteller",
      "status": "Present",
      "date": "2024-07-26",
      "created_at": "2024-07-26T03:27:55.923Z",
      "updated_at": "2024-07-26T03:27:55.923Z"
    }
  },
  {
    "model": "attendanceapp.attendancereport",
    "pk": 104,
    "fields": {
      "student": 40,
      "Class": 2,
      "mode": "Hosteller",
      "status": "Present",
      "date": "2024-07-26",
      "created_at": "2024-07-26T03:27:55.964Z",
      "updated_at": "2024-07-26T03:27:55.964Z"
    }
  },
  {
    "model": "attendanceapp.attendancereport",
    "pk": 105,
    "fields": {
      "student": 41,
      "Class": 2,
      "mode": "Dayscholar",
      "status": "Present",
      "date": "2024-07-26",
      "created_at": "2024-07-26T03:27:55.987Z",
      "updated_at": "2024-07-26T03:27:55.987Z"
    }
  },
  {
    "model": "attendanceapp.attendancereport",
    "pk": 106,
    "fields": {
      "student": 42,
      "Class": 2,
      "mode": "Dayscholar",
      "status": "Present",
      "date": "2024-07-26",
      "created_at": "2024-07-26T03:27:56.012Z",
      "updated_at": "2024-07-26T03:27:56.012Z"
    }
  },
  {
    "model": "attendanceapp.attendancereport",
    "pk": 107,
    "fields": {
      "student": 43,
      "Class": 2,
      "mode": "Dayscholar",
      "status": "Present",
      "date": "2024-07-26",
      "created_at": "2024-07-26T03:27:56.035Z",
      "updated_at": "2024-07-26T03:27:56.035Z"
    }
  },
  {
    "model": "attendanceapp.attendancereport",
    "pk": 108,
    "fields": {
      "student": 44,
      "Class": 2,
      "mode": "Dayscholar",
      "status": "Present",
      "date": "2024-07-26",
      "created_at": "2024-07-26T03:27:56.059Z",
      "updated_at": "2024-07-26T03:27:56.059Z"
    }
  },
  {
    "model": "attendanceapp.attendancereport",
    "pk": 109,
    "fields": {
      "student": 45,
      "Class": 2,
      "mode": "Dayscholar",
      "status": "Present",
      "date": "2024-07-26",
      "created_at": "2024-07-26T03:27:56.084Z",
      "updated_at": "2024-07-26T03:27:56.084Z"
    }
  },
  {
    "model": "attendanceapp.attendancereport",
    "pk": 110,
    "fields": {
      "student": 46,
      "Class": 2,
      "mode": "Hosteller",
      "status": "Present",
      "date": "2024-07-26",
      "created_at": "2024-07-26T03:27:56.109Z",
      "updated_at": "2024-07-26T03:27:56.109Z"
    }
  },
  {
    "model": "attendanceapp.attendancereport",
    "pk": 111,
    "fields": {
      "student": 47,
      "Class": 2,
      "mode": "Dayscholar",
      "status": "On Duty Internal",
      "date": "2024-07-26",
      "created_at": "2024-07-26T03:27:56.132Z",
      "updated_at": "2024-07-26T03:27:56.132Z"
    }
  },
  {
    "model": "attendanceapp.attendancereport",
    "pk": 112,
    "fields": {
      "student": 48,
      "Class": 2,
      "mode": "Dayscholar",
      "status": "Present",
      "date": "2024-07-26",
      "created_at": "2024-07-26T03:27:56.160Z",
      "updated_at": "2024-07-26T03:27:56.160Z"
    }
  },
  {
    "model": "attendanceapp.attendancereport",
    "pk": 113,
    "fields": {
      "student": 49,
      "Class": 2,
      "mode": "Dayscholar",
      "status": "Present",
      "date": "2024-07-26",
      "created_at": "2024-07-26T03:27:56.184Z",
      "updated_at": "2024-07-26T03:27:56.184Z"
    }
  },
  {
    "model": "attendanceapp.attendancereport",
    "pk": 114,
    "fields": {
      "student": 50,
      "Class": 2,
      "mode": "Dayscholar",
      "status": "Present",
      "date": "2024-07-26",
      "created_at": "2024-07-26T03:27:56.207Z",
      "updated_at": "2024-07-26T03:27:56.207Z"
    }
  },
  {
    "model": "attendanceapp.attendancereport",
    "pk": 115,
    "fields": {
      "student": 51,
      "Class": 2,
      "mode": "Hosteller",
      "status": "Present",
      "date": "2024-07-26",
      "created_at": "2024-07-26T03:27:56.229Z",
      "updated_at": "2024-07-26T03:27:56.229Z"
    }
  },
  {
    "model": "attendanceapp.attendancereport",
    "pk": 116,
    "fields": {
      "student": 52,
      "Class": 2,
      "mode": "Dayscholar",
      "status": "Present",
      "date": "2024-07-26",
      "created_at": "2024-07-26T03:27:56.251Z",
      "updated_at": "2024-07-26T03:27:56.251Z"
    }
  },
  {
    "model": "attendanceapp.attendancereport",
    "pk": 117,
    "fields": {
      "student": 53,
      "Class": 2,
      "mode": "Dayscholar",
      "status": "Absent",
      "date": "2024-07-26",
      "created_at": "2024-07-26T03:27:56.275Z",
      "updated_at": "2024-07-26T03:27:56.275Z"
    }
  },
  {
    "model": "attendanceapp.attendancereport",
    "pk": 118,
    "fields": {
      "student": 54,
      "Class": 2,
      "mode": "Hosteller",
      "status": "Present",
      "date": "2024-07-26",
      "created_at": "2024-07-26T03:27:56.299Z",
      "updated_at": "2024-07-26T03:27:56.299Z"
    }
  },
  {
    "model": "attendanceapp.attendancereport",
    "pk": 119,
    "fields": {
      "student": 55,
      "Class": 2,
      "mode": "Hosteller",
      "status": "Present",
      "date": "2024-07-26",
      "created_at": "2024-07-26T03:27:56.321Z",
      "updated_at": "2024-07-26T03:27:56.321Z"
    }
  },
  {
    "model": "attendanceapp.attendancereport",
    "pk": 120,
    "fields": {
      "student": 56,
      "Class": 2,
      "mode": "Hosteller",
      "status": "Present",
      "date": "2024-07-26",
      "created_at": "2024-07-26T03:27:56.344Z",
      "updated_at": "2024-07-26T03:27:56.344Z"
    }
  },
  {
    "model": "attendanceapp.attendancereport",
    "pk": 121,
    "fields": {
      "student": 57,
      "Class": 2,
      "mode": "Dayscholar",
      "status": "Present",
      "date": "2024-07-26",
      "created_at": "2024-07-26T03:27:56.366Z",
      "updated_at": "2024-07-26T03:27:56.366Z"
    }
  },
  {
    "model": "attendanceapp.attendancereport",
    "pk": 122,
    "fields": {
      "student": 58,
      "Class": 2,
      "mode": "Hosteller",
      "status": "On Duty External",
      "date": "2024-07-26",
      "created_at": "2024-07-26T03:27:56.390Z",
      "updated_at": "2024-07-26T03:27:56.390Z"
    }
  },
  {
    "model": "attendanceapp.attendancereport",
    "pk": 123,
    "fields": {
      "student": 59,
      "Class": 2,
      "mode": "Dayscholar",
      "status": "Present",
      "date": "2024-07-26",
      "created_at": "2024-07-26T03:27:56.415Z",
      "updated_at": "2024-07-26T03:27:56.415Z"
    }
  },
  {
    "model": "attendanceapp.attendancereport",
    "pk": 124,
    "fields": {
      "student": 60,
      "Class": 2,
      "mode": "Hosteller",
      "status": "Present",
      "date": "2024-07-26",
      "created_at": "2024-07-26T03:27:56.438Z",
      "updated_at": "2024-07-26T03:27:56.438Z"
    }
  },
  {
    "model": "attendanceapp.attendancereport",
    "pk": 125,
    "fields": {
      "student": 61,
      "Class": 2,
      "mode": "Dayscholar",
      "status": "Present",
      "date": "2024-07-26",
      "created_at": "2024-07-26T03:27:56.461Z",
      "updated_at": "2024-07-26T03:27:56.461Z"
    }
  },
  {
    "model": "attendanceapp.attendancereport",
    "pk": 126,
    "fields": {
      "student": 62,
      "Class": 2,
      "mode": "Dayscholar",
      "status": "Present",
      "date": "2024-07-26",
      "created_at": "2024-07-26T03:27:56.483Z",
      "updated_at": "2024-07-26T03:27:56.483Z"
    }
  },
  {
    "model": "attendanceapp.attendancereport",
    "pk": 127,
    "fields": {
      "student": 63,
      "Class": 2,
      "mode": "Dayscholar",
      "status": "Present",
      "date": "2024-07-26",
      "created_at": "2024-07-26T03:27:56.513Z",
      "updated_at": "2024-07-26T03:27:56.513Z"
    }
  },
  {
    "model": "attendanceapp.attendancereport",
    "pk": 128,
    "fields": {
      "student": 64,
      "Class": 2,
      "mode": "Dayscholar",
      "status": "Present",
      "date": "2024-07-26",
      "created_at": "2024-07-26T03:27:56.535Z",
      "updated_at": "2024-07-26T03:27:56.535Z"
    }
  }
]